이름,나이,거주지
테스트,20,서울
홍길동,30,인천
아무개,27,경기
테스트,20,서울
홍길동,30,인천
아무개,27,경기
테스트,20,서울
홍길동,30,인천
아무개,27,경기
테스트,20,서울
홍길동,30,인천
아무개,27,경기
아무개,27,경기
테스트,20,서울
홍길동,30,인천
아무개,27,경기
아무개,27,경기
테스트,20,서울
홍길동,30,인천
아무개,27,경기
아무개,27,경기
테스트,20,서울
홍길동,30,인천
아무개,27,경기
아무개,27,경기
테스트,20,서울
홍길동,30,인천
아무개,27,경기
아무개,27,경기
테스트,20,서울
홍길동,30,인천
아무개,27,경기
아무개,27,경기
테스트,20,서울
홍길동,30,인천
아무개,27,경기
아무개,27,경기
테스트,20,서울
홍길동,30,인천
아무개,27,경기
아무개,27,경기
테스트,20,서울
홍길동,30,인천
아무개,27,경기
아무개,27,경기
테스트,20,서울
홍길동,30,인천
아무개,27,경기
아무개,27,경기
테스트,20,서울
홍길동,30,인천
아무개,27,경기
아무개,27,경기
테스트,20,서울
홍길동,30,인천
아무개,27,경기
아무개,27,경기
테스트,20,서울
홍길동,30,인천
아무개,27,경기
아무개,27,경기
테스트,20,서울
홍길동,30,인천
아무개,27,경기
아무개,27,경기
테스트,20,서울
홍길동,30,인천
아무개,27,경기
아무개,27,경기
테스트,20,서울
홍길동,30,인천
아무개,27,경기
아무개,27,경기
테스트,20,서울
홍길동,30,인천
아무개,27,경기
아무개,27,경기
테스트,20,서울
홍길동,30,인천
아무개,27,경기
아무개,27,경기
테스트,20,서울
홍길동,30,인천
아무개,27,경기
아무개,27,경기
테스트,20,서울
홍길동,30,인천
아무개,27,경기
아무개,27,경기
테스트,20,서울
홍길동,30,인천
아무개,27,경기
아무개,27,경기
테스트,20,서울
홍길동,30,인천
아무개,27,경기
아무개,27,경기
테스트,20,서울
홍길동,30,인천
아무개,27,경기